Department,Enrolled,Non-Residents,AvgEnrolled
CFS,0,0,0
COMD,93,0,0.345725
CRIM,31,2,0.115242
HHSD,0,0,0
KPE,0,0,0
NURS,120,4,0.446097
PH,7,1,0.0260223
SW,18,1,0.0669145
Total,269,8,0.00334919